{"cameraMode":{"drawMode":0,"name":"Shaded","section":"Shading Mode"},"sceneLighting":false,"audioPlay":false,"sceneViewState":{"showFog":false,"showMaterialUpdate":false,"showSkybox":false,"showFlares":false,"showImageEffects":false,"showParticleSystems":false},"in2DMode":false,"pivot":{"x":-8.985760688781739,"y":1.4670209884643555,"z":-71.25856018066406},"rotation":{"x":-0.41383618116378786,"y":0.4579308032989502,"z":-0.2545190751552582,"w":-0.7445234060287476},"size":0.09926915168762207,"orthographic":false}