{"cameraMode":{"drawMode":0,"name":"Shaded","section":"Shading Mode"},"sceneLighting":false,"audioPlay":false,"sceneViewState":{"showFog":false,"showMaterialUpdate":false,"showSkybox":false,"showFlares":false,"showImageEffects":false,"showParticleSystems":false},"in2DMode":false,"pivot":{"x":7.949160099029541,"y":-9.488539695739746,"z":10.42580795288086},"rotation":{"x":-0.08442718535661698,"y":0.9149971604347229,"z":-0.26093789935112,"w":-0.2960035800933838},"size":0.2857895493507385,"orthographic":false}