{"cameraMode":{"drawMode":0,"name":"Shaded","section":"Shading Mode"},"sceneLighting":true,"audioPlay":false,"sceneViewState":{"showFog":false,"showMaterialUpdate":false,"showSkybox":false,"showFlares":false,"showImageEffects":false,"showParticleSystems":false},"in2DMode":false,"pivot":{"x":0.34540072083473208,"y":0.317596435546875,"z":1.112290382385254},"rotation":{"x":-0.43519145250320437,"y":-0.015377795323729515,"z":0.007441080175340176,"w":-0.9002065658569336},"size":1.8176968097686768,"orthographic":false}