{"cameraMode":{"drawMode":0,"name":"Shaded","section":"Shading Mode"},"sceneLighting":true,"audioPlay":false,"sceneViewState":{"showFog":false,"showMaterialUpdate":false,"showSkybox":false,"showFlares":false,"showImageEffects":false,"showParticleSystems":false},"in2DMode":false,"pivot":{"x":-0.00012502074241638184,"y":0.1399996280670166,"z":1.0700000524520875},"rotation":{"x":-0.11937038600444794,"y":0.6723307371139526,"z":-0.11110974848270416,"w":-0.7220828533172607},"size":2.4351556301116945,"orthographic":false}