{"cameraMode":{"drawMode":0,"name":"Shaded","section":"Shading Mode"},"sceneLighting":true,"audioPlay":false,"sceneViewState":{"showFog":false,"showMaterialUpdate":false,"showSkybox":false,"showFlares":false,"showImageEffects":false,"showParticleSystems":false},"in2DMode":false,"pivot":{"x":0.4656253457069397,"y":0.5319150686264038,"z":0.6557533144950867},"rotation":{"x":-0.43519145250320437,"y":-0.015377795323729515,"z":0.007441080175340176,"w":-0.9002065658569336},"size":0.9176967740058899,"orthographic":false}