{"cameraMode":{"drawMode":0,"name":"Shaded","section":"Shading Mode"},"sceneLighting":true,"audioPlay":false,"sceneViewState":{"showFog":false,"showMaterialUpdate":false,"showSkybox":false,"showFlares":false,"showImageEffects":false,"showParticleSystems":false},"in2DMode":false,"pivot":{"x":1.1866949796676636,"y":0.09896379709243775,"z":0.9747581481933594},"rotation":{"x":-0.07622099667787552,"y":-0.7310799956321716,"z":0.08284008502960205,"w":-0.6729618906974793},"size":7.811832427978516,"orthographic":false}