{"cameraMode":{"drawMode":0,"name":"Shaded","section":"Shading Mode"},"sceneLighting":true,"audioPlay":false,"sceneViewState":{"showFog":false,"showMaterialUpdate":false,"showSkybox":false,"showFlares":false,"showImageEffects":false,"showParticleSystems":false},"in2DMode":false,"pivot":{"x":0.5423047542572022,"y":0.19869112968444825,"z":0.11352971196174622},"rotation":{"x":-0.21130220592021943,"y":-0.7073045969009399,"z":0.23662105202674867,"w":-0.6317520141601563},"size":4.24523401260376,"orthographic":false}