{"cameraMode":{"drawMode":0,"name":"Shaded","section":"Shading Mode"},"sceneLighting":false,"audioPlay":false,"sceneViewState":{"showFog":false,"showMaterialUpdate":false,"showSkybox":false,"showFlares":false,"showImageEffects":false,"showParticleSystems":false},"in2DMode":false,"pivot":{"x":0.26443755626678469,"y":0.06216871738433838,"z":0.13213682174682618},"rotation":{"x":-0.3703899085521698,"y":0.1201794371008873,"z":-0.04838705062866211,"w":-0.9198264479637146},"size":0.9000572562217712,"orthographic":false}