{"cameraMode":{"drawMode":0,"name":"Shaded","section":"Shading Mode"},"sceneLighting":false,"audioPlay":false,"sceneViewState":{"showFog":false,"showMaterialUpdate":false,"showSkybox":false,"showFlares":false,"showImageEffects":false,"showParticleSystems":false},"in2DMode":false,"pivot":{"x":-0.0032563209533691408,"y":0.49668869376182558,"z":0.04828236252069473},"rotation":{"x":0.27554622292518618,"y":-0.03172183036804199,"z":0.009092655964195729,"w":0.9607375264167786},"size":4.1251301765441898,"orthographic":false}