{"cameraMode":{"drawMode":0,"name":"Shaded","section":"Shading Mode"},"sceneLighting":true,"audioPlay":false,"sceneViewState":{"showFog":false,"showMaterialUpdate":false,"showSkybox":false,"showFlares":false,"showImageEffects":false,"showParticleSystems":false},"in2DMode":false,"pivot":{"x":0.42988133430480959,"y":-0.18892961740493775,"z":1.7371487617492676},"rotation":{"x":-0.17506802082061768,"y":0.52398681640625,"z":-0.11100973188877106,"w":-0.826131284236908},"size":2.781049966812134,"orthographic":false}