{"cameraMode":{"drawMode":0,"name":"Shaded","section":"Shading Mode"},"sceneLighting":true,"audioPlay":false,"sceneViewState":{"showFog":false,"showMaterialUpdate":false,"showSkybox":false,"showFlares":false,"showImageEffects":false,"showParticleSystems":false},"in2DMode":false,"pivot":{"x":-0.010146856307983399,"y":-0.28229719400405886,"z":1.163902997970581},"rotation":{"x":-0.11937038600444794,"y":0.6723307371139526,"z":-0.11110974848270416,"w":-0.7220828533172607},"size":3.323073625564575,"orthographic":false}