{"cameraMode":{"drawMode":0,"name":"Shaded","section":"Shading Mode"},"sceneLighting":true,"audioPlay":false,"sceneViewState":{"showFog":false,"showMaterialUpdate":false,"showSkybox":false,"showFlares":false,"showImageEffects":false,"showParticleSystems":false},"in2DMode":false,"pivot":{"x":0.22484326362609864,"y":0.03759956359863281,"z":1.7082834243774415},"rotation":{"x":-0.13284553587436677,"y":0.32898473739624026,"z":-0.04677625000476837,"w":-0.9337881803512573},"size":3.1646173000335695,"orthographic":false}